Key,Value
blk_ar1_name,돌풍 화살
blk_ar1_desc,바람의 힘을 담은 화살을 발사한다.
blk_pr1_name,심판의 빛
blk_pr1_desc,빛의 힘으로 적들을 심판한다.
blk_wa1_name,성검 소환
blk_wa1_desc,"성검 ""엑스칼리버""를 소환해서 공격한다."
chr_ar_hikari_name,히카리
chr_ar_hikari_passive_name,질풍의 일격
chr_ar_hikari_desc, 적들을 공격할 시 바람의 힘을 담아 적 최대 체력의 5% 만큼 추가피해를 준다.
chr_pr_beatrice_name,베아트리스
chr_pr_beatrice_passive_name,심판의 의지
chr_pr_beatrice_desc, 신의 힘을 빌어서 능력치를 강화한다. 버려진 블럭 당 데미지 1% 증가
chr_wa_reon_name,레온
chr_wa_reon_passive_name,여신의 축복
chr_wa_reon_desc, 성검의 선택받은 용사. 여신의 축복이 함께한다. 3체인 데미지 30% 증가
blk_pa1_name, 홀리 스트라이크
blk_pa1_desc, 적을 향해 돌진하여 강력한 신성 피해를 입힌다.
blk_hu1_name,슬러그 샷
blk_hu1_desc, 강력한 화력을 지닌 총알을 발사한다.
blk_wi1_name,번개 강타
blk_wi1_desc, 번개를 소환해 적에게 강력한 피해를 준다.
chr_pa_victor_name,빅터
chr_pa_victor_passive_name,수호의 정령
chr_pa_victor_desc, 자신의 블럭 20개를 희생할 시 수호의 힘을 빌어 1턴간 모든 디버프를 무효화 한다. (스테이지 당 1회)
chr_hu_raven_name,레이븐
chr_hu_raven_passive_name,정조준
chr_hu_raven_desc, 적을 정조준 하여 3번째 공격마다 데미지가 50% 증가한다.(다음 스테이지에서 초기화)
chr_wi_acan_name,아칸
chr_wi_acan_passive_name,마나 축적
chr_wi_acan_desc, 마나의 힘을 축적해 공격을 할 때마다 데미지가 10%증가한다.(다음 스테이지에서 초기화)
blk_wa2_name,일섬
blk_wa2_desc, 빠른 연속 베기로 적을 공격한다.
blk_wa3_name,원초의 분노
blk_wa3_desc, 무기를 내려찍어 적 발밑에 폭발을 일으킨다.
blk_pa2_name,안식기도
blk_pa2_desc, 신성한 폭발로 적에게 피해를 입힌다.
blk_pa3_name,파도부대 집결!
blk_pa3_desc, 파도부대원들이 나와서 함께 공격한다. 체인에 따라 인원수가 늘어난다.
blk_ar2_name,글레이셜 애로우
blk_ar2_desc, 동상 효과가 담긴 화살을 발사한다.
blk_ar3_name,블레이즈 애로우
blk_ar3_desc, 화염이 담긴 화살을 발사한다.
chr_wa_izna_name,이즈나
chr_wa_izna_passive_name,연격
chr_wa_izna_desc, 1체인·2체인·3체인이 모두 있을 때 데미지가 40% 증가한다.
chr_wa_cain_name,카인
chr_wa_cain_passive_name,폭주
chr_wa_cain_desc, 3체인 그룹이 3개 이상일 때 데미지가 50% 증가한다.
chr_pa_abel_name,아벨
chr_pa_abel_passive_name,고행의 발걸음
chr_pa_abel_desc, 활성 디버프 1개당 파티원 데미지가 10% 증가한다.
chr_pa_tirion_name,티리온
chr_pa_tirion_passive_name,참회하는 빛
chr_pa_tirion_desc, 데미지 감소 패널티가 적용될 때 손실분의 30%를 누적하여 추가 피해로 반환한다.
chr_ar_skadi_name,스카디
chr_ar_skadi_passive_name,혹한의 후예
chr_ar_skadi_desc, 공격 시 동상 1중첩(최대 5). 타격마다 중첩 1 소모 후 적 최대 체력의 5% 추가피해를 입힌다.
chr_ar_faimon_name,파이몬
chr_ar_faimon_passive_name,볼케닉 소울
chr_ar_faimon_desc, 공격 시 화상 1중첩. 5중첩 시 적 최대 체력의 10% 추가피해를 입히고 중첩을 초기화한다.
chr_pa_glen_name,글렌
chr_pa_glen_passive_name,앙갚음
chr_pa_glen_desc, 활성 디버프 1개당 파티원 데미지가 10% 증가한다.
chr_pa_captainjg_name,캡틴JG
chr_pa_captainjg_passive_name,파도부대 선장
chr_pa_captainjg_desc, 3체인 공격 시 무작위 다른 파티원이 1체인 공격을 발동한다.
blk_pr2_name,참담한 마음
blk_pr2_desc, 폭발로 적에게 피해를 입힌다.
chr_pr_selmu_name,셀뮤
chr_pr_selmu_passive_name,성소
chr_pr_selmu_desc, 파티원의 감소된 딜량의 30%를 누적한다. 자신의 블럭 사용 시 누적량을 추가 데미지로 환원한다.
blk_pr3_name,백귀야행
blk_pr3_desc, 부적을 날려 적에게 피해를 입힌다. 3체인 사용 시 파티 진영에 이펙트가 발동한다.
chr_pr_rin_name,린
chr_pr_rin_passive_name,급급여율령
chr_pr_rin_desc, 블럭을 사용하지 않을 경우 턴마다 데미지 증가 버프가 누적된다. 3체인 사용 시 다음 그룹의 데미지가 증가한다.
blk_hu2_name,네거티브 봄
blk_hu2_desc, 수류탄을 투척하여 적에게 피해를 입힌다. 체인에 따라 투척 수가 증가한다.
chr_hu_ahnmansik_name,안만식
chr_hu_ahnmansik_passive_name,명령 불복종
chr_hu_ahnmansik_desc, 1체인 사용 시 33% 확률로 3체인이 발동된다. 3체인 사용 시 33% 확률로 1체인이 발동된다.
blk_hu3_name,소각명령
blk_hu3_desc, 레이저를 발사해 적에게 피해를 입힌다. 체인에 따라 굵기가 달라진다.
chr_hu_mkq_name,MK.Q
chr_hu_mkq_passive_name,아티피셜 에이전트
chr_hu_mkq_desc, 1·2·3체인 사용 횟수가 모두 동일할 때 추가 공격이 4회 발동된다.
blk_wi2_name,작열화
blk_wi2_desc, 적 위치에 폭발을 일으켜 피해를 입힌다.
chr_wi_zyum_name,쥬므
chr_wi_zyum_passive_name,전장의 악귀
chr_wi_zyum_desc, 파티 내 3체인을 가장 많이 사용한 상태일 때 3체인 횟수에 비례한 추가 데미지를 입힌다.
blk_wi3_name,익스팅션 레이
blk_wi3_desc, 폭발 이펙트로 적에게 피해를 입힌다. 패시브 발동 시 강력한 레이저를 발사한다.
chr_wi_yshtolla_name,야슈톨라
chr_wi_yshtolla_passive_name,더블 캐스팅
chr_wi_yshtolla_desc, 이번 턴에 동일한 체인 수의 위자드 그룹이 정확히 2개 존재할 때 데미지가 증가한다.
